formulation,scenario_count,same_objective_count,same_schedule_count,avg_lp_fractional_mode_count,max_objective_gap_eur,avg_mip_runtime_seconds,avg_lp_runtime_seconds
basic,9,2,0,23.555555555555557,0.047714798269016256,0.021999968422783747,0.0050000084771050345
tighter,9,4,2,10.0,0.017200119525313085,0.020555496215820312,0.004444466696845161
